City_ID,City,Lat,Lng,Max Temp,Humidity,Cloudiness,Wind Speed,Country,Date
0,nizhniy odes,63.6445,54.856,30.83,89,18,9.86,RU,1713665415
1,saipan,15.1355,145.701,88.5,62,20,16.11,MP,1713665249
2,invercargill,-46.4,168.35,57.02,80,89,8.01,NZ,1713665053
3,kruisfontein,-34.0033,24.7314,63.88,98,96,6.87,ZA,1713665271
4,walvis bay,-22.9575,14.5053,62.71,77,73,7.83,NA,1713665417
5,bilibino,68.0546,166.4372,13.39,74,28,1.99,RU,1713665142
6,tommot,58.9564,126.2925,38.77,86,10,7.72,RU,1713665418
7,vorgashor,67.5833,63.95,10.8,96,100,9.37,RU,1713665138
8,praia da vitoria,38.7333,-27.0667,63.75,95,100,12.73,PT,1713665419
9,rome,34.257,-85.1647,64.44,78,0,6.91,US,1713665263
10,ko pha ngan,9.7578,100.0291,80.31,77,100,13.04,TH,1713665420
11,blackmans bay,-43.0167,147.3167,64.53,57,3,1.99,AU,1713664984
12,fort mcmurray,56.7268,-111.381,48.52,43,6,5.01,CA,1713665231
13,tarusa,54.7233,37.1767,47.1,57,100,10.94,RU,1713665422
14,hadibu,12.65,54.0333,81.88,73,52,3.0,YE,1713665263
15,port mathurin,-19.6833,63.4167,80.01,80,15,18.03,MU,1713665056
16,enewetak,11.3474,162.3373,82.09,79,97,17.74,MH,1713665128
17,volodymyr-volynskyi,50.8525,24.3236,39.43,82,100,6.51,UA,1713665423
18,bethel,41.3712,-73.414,50.36,60,0,9.22,US,1713665002
19,adamstown,-25.066,-130.1015,72.81,75,2,25.08,PN,1713665012
20,flers,48.7372,-0.5747,34.05,92,37,3.38,FR,1713665426
21,promyshlennaya,54.9159,85.6385,35.62,50,99,1.68,RU,1713665427
22,okmulgee,35.6234,-95.9605,57.31,38,100,12.66,US,1713665427
23,port-aux-francais,-49.35,70.2167,46.54,97,100,34.47,TF,1713665006
24,haiku-pauwela,20.9219,-156.3051,77.22,71,40,19.57,US,1713665263
25,stanley,54.868,-1.6985,41.79,85,75,3.44,GB,1713665149
26,baro,8.6,6.4167,85.14,61,1,3.56,NG,1713665429
27,susuman,62.7833,148.1667,20.98,77,74,3.0,RU,1713665010
28,sitka,57.0531,-135.33,57.09,41,40,5.75,US,1713665095
29,sisimiut,66.9395,-53.6735,24.46,70,100,11.21,GL,1713665246
30,wellington,-41.2866,174.7756,58.98,89,100,19.57,NZ,1713665239
31,vilyuysk,63.7553,121.6247,33.01,100,100,8.01,RU,1713665222
32,tiksi,71.6872,128.8694,27.16,86,40,0.72,RU,1713664991
33,jamestown,42.097,-79.2353,42.39,66,75,9.22,US,1713665021
34,geraldton,-28.7667,114.6,81.01,21,0,17.27,AU,1713665287
35,pekanbaru,0.5333,101.45,77.32,100,75,0.0,ID,1713665437
36,wailua homesteads,22.0669,-159.378,81.03,74,0,14.97,US,1713665083
37,nenjiang,49.1833,125.2167,53.65,46,100,15.68,CN,1713665439
38,aleksandrovsk,59.158,57.5624,39.79,76,35,3.33,RU,1713665439
39,nar'yan-mar,67.6713,53.087,14.11,93,100,21.0,RU,1713665127
40,carauari,-4.8828,-66.8958,74.57,99,94,0.94,BR,1713665440
41,nyagan,62.1406,65.3936,30.51,99,100,1.05,RU,1713665447
42,freetown,8.484,-13.2299,79.9,93,91,6.08,SL,1713665448
43,remire-montjoly,4.9167,-52.2667,80.64,89,75,5.75,GF,1713665221
44,waitangi,-43.9535,-176.5597,58.82,92,100,3.0,NZ,1713665089
45,utrik,11.2278,169.8474,81.18,80,100,17.4,MH,1713665163
46,fale old settlement,-9.3852,-171.2468,85.17,75,17,11.95,TK,1713665011
47,richards bay,-28.783,32.0377,69.1,80,48,5.77,ZA,1713665451
48,edinburgh of the seven seas,-37.0676,-12.3116,58.32,72,100,6.91,SH,1713665057
49,qaqortoq,60.7167,-46.0333,27.14,84,91,5.39,GL,1713665158
50,isafjordur,66.0755,-23.124,34.86,87,100,18.32,IS,1713665140
51,san juanito,28.0,-107.5833,50.72,18,0,6.64,MX,1713665453
52,las lomitas,-24.7096,-60.593,73.27,71,0,5.46,AR,1713665453
53,hermanus,-34.4187,19.2345,64.8,91,100,6.71,ZA,1713664991
54,la sarre,48.8002,-79.1996,31.17,81,100,7.65,CA,1713665454
55,nzega,-2.479,29.5564,55.76,93,100,2.75,RW,1713665455
56,lebu,-37.6167,-73.65,51.03,81,57,13.73,CL,1713665332
57,udachny,66.4167,112.4,29.44,95,100,7.78,RU,1713665062
58,albany,42.6001,-73.9662,42.58,58,3,1.01,US,1713664897
59,hawaiian paradise park,19.5933,-154.9731,72.91,89,100,3.44,US,1713665183
60,ketchikan,55.3422,-131.6461,59.47,25,0,5.75,US,1713665071
61,san rafael,-34.6177,-68.3301,63.64,54,97,13.09,AR,1713665457
62,riosucio,5.4216,-75.7032,62.01,98,100,2.39,CO,1713665458
63,souillac,-20.5167,57.5167,75.34,90,100,11.16,MU,1713665458
64,portsmouth,50.799,-1.0913,43.21,82,99,5.91,GB,1713665459
65,grytviken,-54.2811,-36.5092,40.71,98,100,9.15,GS,1713664760
66,sinabang,2.4803,96.3801,82.09,83,98,1.16,ID,1713665210
67,oamaru,-45.0784,170.9801,58.05,71,27,13.22,NZ,1713665467
68,bredasdorp,-34.5322,20.0403,62.31,96,100,3.87,ZA,1713664992
69,punta arenas,-53.15,-70.9167,39.31,70,75,17.27,CL,1713664827
70,port lincoln,-34.7333,135.8667,61.16,67,6,6.82,AU,1713665171
71,margaret river,-33.95,115.0667,71.73,40,6,4.83,AU,1713665129
72,quellon,-43.1167,-73.6167,46.6,79,51,7.67,CL,1713665078
73,labuan bajo,-8.4964,119.8877,86.32,69,90,2.08,ID,1713665365
74,peterhead,57.5058,-1.7981,40.44,72,99,2.04,GB,1713665302
75,olonkinbyen,70.9221,-8.7187,32.61,97,100,33.76,SJ,1713665057
76,wynyard,-41.0,145.7167,64.71,50,0,10.87,AU,1713665472
77,puerto deseado,-47.7503,-65.8938,44.04,47,0,25.26,AR,1713664941
78,port elizabeth,-33.918,25.5701,67.32,95,100,8.05,ZA,1713664927
79,west island,-12.1568,96.8225,84.18,79,75,12.66,CC,1713665001
80,atafu village,-8.5421,-172.5159,85.46,75,35,12.46,TK,1713665029
81,hacibektas,38.9408,34.5577,36.99,87,40,2.3,TR,1713665477
82,east wenatchee bench,47.4257,-120.2812,65.48,33,75,5.75,US,1713665477
83,dudinka,69.4058,86.1778,-0.58,96,99,4.54,RU,1713665478
84,brisas de zicatela,15.8369,-97.0419,81.01,65,2,7.14,MX,1713665478
85,thompson,55.7435,-97.8558,32.16,34,75,9.22,CA,1713665021
86,tabas,33.5959,56.9244,71.89,27,4,7.67,IR,1713665480
87,ushuaia,-54.8,-68.3,37.06,87,40,26.46,AR,1713664996
88,san julian,21.0167,-102.1667,72.12,16,12,6.91,MX,1713665481
89,mulayjah,27.271,48.4242,78.04,34,90,8.1,SA,1713665482
90,whitehorse,60.7161,-135.0538,59.77,13,0,10.36,CA,1713665091
91,la passe,45.5549,-0.8967,43.03,79,0,12.44,FR,1713665240
92,san antonio de pale,-1.4014,5.6325,83.26,81,77,7.63,GQ,1713665217
93,laghouat,33.8,2.8651,56.05,43,0,8.16,DZ,1713665491
94,georgetown,5.4112,100.3354,89.53,79,20,3.44,MY,1713665086
95,areia branca,-4.9561,-37.1369,79.21,82,100,6.76,BR,1713665493
96,hilo,19.7297,-155.09,73.13,86,100,4.0,US,1713665493
97,sultanah,24.4926,39.5857,77.45,13,0,9.22,SA,1713665272
98,caluula,11.9661,50.7569,84.2,73,47,13.18,SO,1713665501
99,papatowai,-46.5619,169.4708,56.44,73,66,12.26,NZ,1713665104
100,ust-nera,64.5667,143.2,29.53,87,68,4.03,RU,1713665156
101,fort-shevchenko,44.5086,50.263,68.18,37,53,13.2,KZ,1713665502
102,barabai,-2.5833,115.3833,87.17,65,37,2.71,ID,1713665027
103,macusani,-14.0833,-70.4333,34.61,93,64,3.22,PE,1713665506
104,verkhnevilyuysk,63.4453,120.3167,34.54,99,100,11.34,RU,1713665058
105,tazovsky,67.4667,78.7,-4.85,95,100,2.91,RU,1713665226
106,tromso,69.6496,18.957,28.42,46,75,14.97,NO,1713665507
107,inarajan village,13.2736,144.7484,92.37,78,13,17.25,GU,1713665507
108,st. john's,47.5649,-52.7093,31.89,89,75,5.75,CA,1713665208
109,lemvig,56.5486,8.3102,37.15,88,1,9.22,DK,1713665508
110,klyuchi,52.2667,79.1667,48.69,41,8,4.21,RU,1713665118
111,santiago de cao,-7.9589,-79.2392,68.13,83,18,9.22,PE,1713665511
112,bel ombre,-4.6167,55.4167,83.75,73,15,3.53,SC,1713665512
113,tralee,52.2704,-9.7026,45.0,94,29,3.62,IE,1713665512
114,lauro de freitas,-12.8944,-38.3272,78.82,89,100,5.75,BR,1713665196
115,port-vila,-17.7338,168.3219,84.47,73,100,10.38,VU,1713665513
116,lujan,-34.5703,-59.105,71.94,91,96,4.74,AR,1713665220
117,hastings,50.8552,0.5729,45.12,86,32,12.17,GB,1713665418
118,bengkulu,-3.8004,102.2655,79.12,88,100,2.57,ID,1713665514
119,puerto ayora,-0.7393,-90.3518,76.55,99,72,4.52,EC,1713664990
120,puerto natales,-51.7236,-72.4875,35.69,86,70,6.42,CL,1713664967
121,bikenibeu village,1.3673,173.1241,87.76,74,40,6.91,KI,1713665515
122,honggang,46.4667,124.8667,60.24,39,8,15.9,CN,1713665515
123,ponta delgada,37.7333,-25.6667,65.19,88,40,10.36,PT,1713665289
124,villarrubia de los ojos,39.2209,-3.608,53.98,74,30,3.67,ES,1713665516
125,moroni,-11.7022,43.2551,81.3,81,72,10.69,KM,1713665516
126,anadyr,64.75,177.4833,19.9,85,0,22.37,RU,1713664896
127,sorochinsk,52.4338,53.1583,61.81,60,2,5.17,RU,1713665517
128,pandan,14.0453,124.1694,86.41,62,28,7.36,PH,1713665313
129,yellowknife,62.456,-114.3525,39.72,56,0,5.75,CA,1713664887
130,lompoc,34.6391,-120.4579,65.84,82,0,21.99,US,1713665518
131,cabo san lucas,22.8909,-109.9124,84.51,26,0,6.91,MX,1713665175
132,ballina,-28.8667,153.5667,64.78,72,100,20.67,AU,1713665519
133,fort bragg,35.139,-79.006,71.44,83,100,4.61,US,1713665519
134,belyy yar,53.6039,91.3903,39.09,52,0,4.47,RU,1713665520
135,kende,11.5197,4.2603,89.62,37,17,7.07,NG,1713665520
136,gambela,8.25,34.5833,75.2,77,20,2.06,ET,1713665520
137,tofol,5.3248,163.0078,87.58,70,75,9.22,FM,1713665521
138,la mojonera,37.2923,-2.4373,48.85,75,63,6.76,ES,1713665521
139,aoulef,26.9667,1.0833,82.53,11,100,10.02,DZ,1713665521
140,ngaoundere,7.3167,13.5833,78.42,45,100,4.61,CM,1713665522
141,ingeniero guillermo n. juarez,-23.9,-61.85,75.31,68,2,9.01,AR,1713665522
142,al kharijah,25.4514,30.5464,72.14,28,0,8.86,EG,1713665522
143,hamilton,39.1834,-84.5333,48.0,54,85,5.99,US,1713664877
144,nova sintra,14.8667,-24.7167,73.69,78,99,19.13,CV,1713665149
145,kani keli,-12.9536,45.1033,83.46,73,100,9.04,YT,1713665524
146,panagyurishte,42.5,24.1833,46.42,84,64,2.39,BG,1713665524
147,lorengau,-2.0226,147.2712,86.45,63,38,7.45,PG,1713665524
148,winston-salem,36.0999,-80.2442,63.91,55,24,6.96,US,1713664918
149,talnakh,69.4865,88.3972,-1.73,96,55,7.16,RU,1713665070
150,fada,9.5667,8.3,77.49,60,17,2.89,NG,1713665527
151,colonia,50.9333,6.95,41.58,85,75,8.05,DE,1713665074
152,ilulissat,69.2167,-51.1,23.02,54,99,5.75,GL,1713664992
153,nema,57.5067,50.5011,42.75,74,51,5.19,RU,1713665528
154,suntar,62.1444,117.6319,34.93,100,100,7.31,RU,1713665528
155,nuuk,64.1835,-51.7216,32.61,74,100,36.82,GL,1713665400
156,longyearbyen,78.2186,15.6401,26.44,63,75,10.36,SJ,1713665147
157,crane,31.3974,-102.3501,51.51,81,100,16.24,US,1713665529
158,iskateley,67.6803,53.1512,14.02,93,100,21.0,RU,1713665166
159,vernon,50.2581,-119.2691,66.81,23,8,7.0,CA,1713665039
160,ribeira grande,38.5167,-28.7,62.78,94,100,4.0,PT,1713665048
161,chonchi,-42.6128,-73.8092,46.11,97,52,2.77,CL,1713665531
162,kendari,-3.945,122.4989,84.31,80,100,4.18,ID,1713665531
163,guozhen,34.3659,107.359,69.8,48,86,3.78,CN,1713665531
164,gadzhiyevo,69.2551,33.3362,23.0,67,99,15.95,RU,1713665006
165,banda aceh,5.5577,95.3222,84.07,72,55,8.12,ID,1713665532
166,lihue,21.9789,-159.3672,81.64,68,0,14.97,US,1713665228
167,badger,64.8,-147.5333,58.87,22,0,6.91,US,1713665205
168,upata,8.0086,-62.3989,74.19,84,87,6.13,VE,1713665533
169,kerikeri,-35.2268,173.9474,68.92,76,10,11.97,NZ,1713665265
170,priob'ye,62.5206,65.5964,31.03,99,100,2.77,RU,1713665534
171,college,64.8569,-147.8028,49.21,35,24,1.79,US,1713664959
172,petropavlovsk-kamchatsky,53.0452,158.6483,34.45,95,75,8.95,RU,1713665020
173,brookings,44.3114,-96.7984,39.54,48,0,3.44,US,1713665328
174,arno,60.1167,18.6333,28.78,81,100,15.37,SE,1713665535
175,solok,-0.7918,100.6593,83.35,80,70,1.59,ID,1713665536
176,afaahiti,-17.75,-149.2833,85.06,82,60,12.35,PF,1713665081
177,pisco,-13.7,-76.2167,69.85,83,0,5.75,PE,1713665123
178,port alfred,-33.5906,26.891,67.17,98,100,1.99,ZA,1713665145
179,poco verde,-10.7083,-38.1833,72.66,91,100,4.72,BR,1713665338
180,panitian,9.0965,118.0864,88.63,57,85,8.48,PH,1713665538
181,westport,41.1415,-73.3579,53.89,58,0,19.57,US,1713665156
182,tamboril,19.4854,-70.611,72.37,88,40,3.44,DO,1713665539
183,aykhal,66.0,111.5,30.99,98,100,4.56,RU,1713665540
184,loandjili,-4.7561,11.8578,80.71,94,40,4.61,CG,1713665540
185,tougue,11.4667,-11.6,76.62,66,70,4.68,GN,1713665540
186,viedma,-40.8135,-62.9967,51.01,44,2,3.87,AR,1713665286
187,umba,66.6871,34.3429,18.23,89,100,11.3,RU,1713665541
188,touros,-5.1989,-35.4608,76.78,91,100,6.82,BR,1713665160
189,avarua,-21.2078,-159.775,80.65,78,75,8.05,CK,1713665075
190,mhamid,29.82,-5.72,68.2,43,18,23.78,MA,1713665543
191,guiping,23.3925,110.0814,76.66,84,96,4.05,CN,1713665543
192,amursk,50.2261,136.8994,35.98,67,100,12.93,RU,1713665543
193,piti village,13.4626,144.6933,92.28,64,0,18.41,GU,1713665544
194,miramichi,47.0043,-65.4654,38.25,98,100,4.52,CA,1713665544
195,happy valley-goose bay,53.3168,-60.3315,39.51,75,75,23.02,CA,1713665191
196,ancud,-41.8697,-73.8203,46.51,86,100,5.91,CL,1713665251
197,hasaki,35.7333,140.8333,72.28,56,100,10.25,JP,1713665545
198,nikolayevsk-on-amure,53.1406,140.73,31.21,92,100,5.01,RU,1713665545
199,ciudad lazaro cardenas,17.9583,-102.2,75.11,75,0,5.48,MX,1713665546
200,kaman,27.65,77.2667,84.0,26,88,5.28,IN,1713665547
201,uturoa,-16.7333,-151.4333,83.39,76,72,15.75,PF,1713665181
202,constantia,44.1833,28.65,45.7,79,100,15.52,RO,1713665190
203,mangrol,21.1167,70.1167,79.48,65,100,11.03,IN,1713665548
204,laojunmiao,39.8333,97.7333,55.33,20,5,14.52,CN,1713665548
205,nadym,65.5333,72.5167,13.96,95,97,13.62,RU,1713665548
206,port isabel,26.0734,-97.2086,78.84,89,75,11.01,US,1713665105
207,murzuq,25.9155,13.9184,72.93,24,100,11.77,LY,1713665549
208,basco,20.4487,121.9702,83.77,74,100,17.65,PH,1713665549
209,coquimbo,-29.9533,-71.3436,60.06,87,100,3.74,CL,1713665348
210,rabo de peixe,37.8,-25.5833,63.99,99,40,10.36,PT,1713665079
211,uacu cungo,-11.3634,15.1208,60.76,86,92,3.22,AO,1713665550
212,tura,25.5198,90.2201,85.53,57,2,7.27,IN,1713665067
213,hammerfest,70.6634,23.6821,21.65,68,3,6.91,NO,1713665169
214,muroto-misakicho,33.2833,134.15,67.86,96,100,11.97,JP,1713665552
215,smara,26.7384,-11.6719,60.75,82,0,11.5,EH,1713665267
216,xiaoweizhai,26.1903,107.5125,59.79,90,100,4.36,CN,1713665552
217,eseka,3.65,10.7667,73.69,95,100,0.87,CM,1713665553
218,port saint john's,-31.6229,29.5448,71.62,88,98,0.47,ZA,1713665272
219,mount gambier,-37.8333,140.7667,63.12,51,47,3.15,AU,1713665124
220,iqaluit,63.7506,-68.5145,19.13,67,100,17.27,CA,1713665114
221,hithadhoo,-0.6,73.0833,84.2,73,96,3.74,MV,1713665172
222,alice springs,-23.7,133.8833,67.55,34,3,23.02,AU,1713665191
223,kisangani,0.5167,25.2,68.95,97,100,1.28,CD,1713665555
224,jumla,29.2747,82.1838,53.55,36,23,2.19,NP,1713665555
225,northam,51.0333,-4.2167,42.62,91,22,5.88,GB,1713665212
226,berezovo,63.9381,65.0419,21.38,93,86,4.76,RU,1713665497
227,manokwari,-0.8667,134.0833,84.09,73,50,9.82,ID,1713665557
228,emerald,-23.5333,148.1667,74.34,49,53,15.9,AU,1713665265
229,lazaro cardenas,17.9583,-102.2,75.11,75,0,5.48,MX,1713665338
230,tianshui,34.5439,105.6897,64.71,47,2,2.19,CN,1713665558
231,mosfellsbaer,64.1667,-21.7,44.65,96,100,11.39,IS,1713665558
232,kingston,17.997,-76.7936,83.35,77,20,10.36,JM,1713664972
233,kulunda,52.566,78.9385,48.96,42,7,3.91,RU,1713665559
234,olyokminsk,60.3736,120.4264,42.71,69,33,12.06,RU,1713665559
235,munduk,-8.2687,115.0795,75.9,83,100,0.83,ID,1713665559
236,fuxin,42.0156,121.6589,66.58,33,0,8.84,CN,1713665560
237,china,25.7,-99.2333,85.66,53,1,19.1,MX,1713665560
238,vilyuchinsk,52.9306,158.4028,35.92,92,100,8.46,RU,1713665182
239,bojia,26.4672,111.9681,65.07,95,100,2.3,CN,1713665561
240,al ghayzah,16.2079,52.176,80.76,80,8,8.39,YE,1713665561
241,lavaltrie,45.8834,-73.2824,44.02,74,35,11.79,CA,1713665562
242,tapes,-30.6733,-51.3958,64.81,87,0,6.78,BR,1713665562
243,chui,-33.6971,-53.4616,62.17,79,100,5.23,UY,1713665562
244,itoman,26.1247,127.6694,82.4,86,20,14.97,JP,1713665334
245,ghat,24.9647,10.1728,80.02,11,97,12.17,LY,1713665212
246,khandyga,62.6667,135.6,37.49,79,100,1.99,RU,1713665159
247,luderitz,-26.6481,15.1594,62.08,77,3,6.93,NA,1713665095
248,vallenar,-28.5708,-70.7581,63.59,70,100,2.86,CL,1713665564
249,suva,-18.1416,178.4415,87.28,62,75,10.36,FJ,1713665206
250,al bukayriyah,26.1442,43.6593,71.37,15,0,13.44,SA,1713665565
251,portland,45.5234,-122.6762,57.15,62,75,14.97,US,1713664986
252,namsos,64.4662,11.4957,26.65,86,8,1.14,NO,1713665566
253,broome,42.2506,-75.833,40.46,68,100,7.0,US,1713665566
254,naze,28.3667,129.4833,76.12,89,89,12.93,JP,1713665053
255,byron,44.0327,-92.6455,39.88,51,0,9.22,US,1713665064
256,yerofey pavlovich,53.9667,121.9667,39.74,66,81,1.99,RU,1713665567
257,shibetsu,43.659,145.132,37.4,90,100,9.42,JP,1713665567
258,carepa,7.7585,-76.6525,79.66,97,100,2.82,CO,1713665568
259,den burg,53.0542,4.7972,44.56,73,100,18.41,NL,1713665568
260,jiaojiang,28.6803,121.4428,65.16,92,100,3.98,CN,1713665568
261,puerto baquerizo moreno,-0.9,-89.6,76.82,84,70,4.07,EC,1713665173
262,ebolowa,2.9,11.15,70.47,92,78,1.97,CM,1713665569
263,saldanha,-33.0117,17.9442,58.73,79,100,2.57,ZA,1713665234
264,calingasta,-31.3308,-69.4078,67.71,37,70,8.86,AR,1713665570
265,cadale,2.7603,46.3222,83.84,76,100,6.76,SO,1713665123
266,moanda,-1.5575,13.2178,71.82,95,16,2.3,GA,1713665572
267,holualoa,19.6228,-155.9522,78.64,84,0,10.36,US,1713665145
268,inhambupe,-11.7844,-38.3531,73.72,96,98,7.99,BR,1713665358
269,reggane,26.7158,0.1714,81.73,12,100,8.88,DZ,1713665103
270,novoaltaysk,53.3917,83.9363,42.21,52,43,3.29,RU,1713665573
271,forster,-32.1667,152.5167,74.28,64,97,13.38,AU,1713665573
272,rongelap,11.1635,166.8941,81.73,78,100,17.13,MH,1713665332
273,adamovka,51.5223,59.9396,61.5,61,3,7.87,RU,1713665575
274,koungou,-12.7336,45.2042,83.91,74,0,12.66,YT,1713665575
275,al khafji,28.4391,48.4913,77.16,58,64,11.95,SA,1713665575
276,saint-laurent-du-maroni,5.5039,-54.0289,76.77,84,95,3.38,GF,1713665576
277,porto franco,-6.3383,-47.3992,75.2,97,100,2.77,BR,1713665576
278,suarez,2.954,-76.6964,72.77,95,100,3.83,CO,1713665577
279,cobija,-11.0267,-68.7692,79.92,75,100,1.14,BO,1713665101
280,selibaby,15.159,-12.1829,91.92,12,3,8.52,MR,1713665578
281,kansanshi,-12.0951,26.4273,58.75,92,100,3.09,ZM,1713665578
282,kununurra,-15.7667,128.7333,80.58,32,16,11.5,AU,1713665228
283,lubango,-14.9172,13.4925,57.06,77,0,0.0,AO,1713665020
284,kikwit,-5.041,18.8162,73.58,88,100,1.83,CD,1713665579
285,kiffa,16.6166,-11.4045,87.76,9,34,5.64,MR,1713665580
286,ixtapa,20.7,-105.2,75.22,88,0,5.75,MX,1713665580
287,minas de marcona,-15.2119,-75.1103,63.37,81,95,6.42,PE,1713665086
288,new norfolk,-42.7826,147.0587,65.71,49,0,4.32,AU,1713665169
289,howard springs,-12.497,131.047,85.91,49,100,11.32,AU,1713665581
290,barra de santo antonio,-9.4047,-35.5072,79.88,82,100,6.98,BR,1713665581
291,isola di capo rizzuto,38.96,17.0933,55.18,78,0,15.68,IT,1713665582
292,ekuvukeni,-28.4675,30.1551,58.8,58,0,2.68,ZA,1713665582
293,pointe-noire,-4.7761,11.8635,80.67,94,40,4.61,CG,1713665583
294,arak,34.0917,49.6892,55.33,44,29,3.94,IR,1713665583
295,guankou,28.15,113.6333,65.97,95,100,1.86,CN,1713665583
296,myeik,12.4333,98.6,88.14,59,100,8.81,MM,1713665584
297,east london,-33.0153,27.9116,70.56,91,100,10.71,ZA,1713664914
298,qui nhon,13.7667,109.2333,87.1,65,28,9.31,VN,1713665584
299,taoudenni,22.6783,-3.9836,84.67,13,100,8.41,ML,1713665261
300,fortuna,40.5982,-124.1573,56.66,94,100,13.8,US,1713665317
301,mantua,45.1667,10.7833,43.84,81,74,5.12,IT,1713665585
302,funafuti,-8.5243,179.1942,93.2,66,75,6.91,TV,1713665586
303,tual,-5.6667,132.75,83.57,76,45,4.36,ID,1713665432
304,mglin,53.0591,32.8475,43.47,82,100,13.65,RU,1713665586
305,namibe,-15.1961,12.1522,80.13,61,0,3.09,AO,1713665271
306,mili,6.0815,171.735,82.38,81,81,18.28,MH,1713665587
307,kuna,43.4918,-116.4201,68.56,29,0,5.75,US,1713665588
308,xapuri,-10.6517,-68.5044,79.9,77,99,2.75,BR,1713665588
309,floro,61.5996,5.0328,35.67,69,6,4.61,NO,1713665588
310,al kharj,24.155,47.3346,77.58,22,2,9.04,SA,1713665589
311,saint-pierre,-21.3393,55.4781,76.68,69,0,6.91,RE,1713665589
312,el granada,37.5027,-122.4694,69.48,54,0,24.16,US,1713665297
313,kapuskasing,49.4169,-82.4331,37.49,44,75,8.05,CA,1713665102
314,abha,18.2164,42.5053,59.25,67,40,0.0,SA,1713665590
315,kuacjok,8.3002,27.9903,79.41,70,94,6.76,SS,1713665590
316,mata-utu,-13.2816,-176.1745,84.52,78,89,15.57,WF,1713665591
317,piacabucu,-10.4056,-36.4344,78.84,88,99,6.08,BR,1713665591
318,midvagur,62.0511,-7.1939,45.43,100,100,5.75,FO,1713665591
319,san patricio,28.017,-97.5169,78.66,76,3,10.74,US,1713665146
320,karratha,-20.7377,116.8463,82.94,18,0,17.85,AU,1713665329
321,jayapura,-2.5333,140.7,90.79,66,25,5.7,ID,1713665592
322,eenhana,-17.4667,16.3333,65.52,50,4,6.85,NA,1713665593
323,mana,5.6592,-53.7767,80.28,78,100,12.3,GF,1713665593
324,luanda,-8.8368,13.2343,79.45,84,95,6.04,AO,1713665352
325,mrakovo,52.7161,56.6244,59.76,68,9,3.74,RU,1713665594
326,newman,37.3138,-121.0208,79.03,46,0,8.01,US,1713665180
327,vila franca do campo,37.7167,-25.4333,64.89,99,63,6.44,PT,1713665229
328,horta,38.5333,-28.6333,62.02,94,99,4.0,PT,1713665595
329,najaf,31.9985,44.3398,78.58,29,40,12.66,IQ,1713665595
330,bulgan,48.8125,103.5347,37.74,64,100,6.6,MN,1713665596
331,kristiansund,63.1115,7.732,38.05,87,20,4.61,NO,1713665596
332,la ronge,55.1001,-105.2842,36.05,85,13,4.61,CA,1713665333
333,caucete,-31.6518,-68.2811,71.17,51,83,6.22,AR,1713665467
334,half moon,34.826,-77.4594,72.01,89,75,0.0,US,1713665597
335,cidreira,-30.1811,-50.2056,68.32,81,0,11.68,BR,1713665598
336,bayanhongor,46.7167,100.1167,28.15,31,33,10.98,MN,1713665106
337,dhamar,14.5427,44.4051,59.9,74,52,1.86,YE,1713665598
338,shalqar,47.8333,59.6,64.29,54,80,16.42,KZ,1713665599
339,kayangel,8.0823,134.7173,83.79,81,27,14.5,PW,1713665125
340,borodino,55.9106,94.8983,27.9,77,99,14.34,RU,1713665599
341,chinde,26.8418,88.0763,73.78,43,1,5.23,NP,1713665601
342,hammond,41.5834,-87.5,41.99,56,100,11.5,US,1713664983
343,choyr,46.3611,108.3611,41.05,47,17,28.45,MN,1713665601
344,smithers,54.7804,-127.1743,53.29,44,100,2.62,CA,1713665602
345,kyosai,34.8503,128.5886,62.56,91,100,6.76,KR,1713665602
346,manadhoo,5.7667,73.3833,84.92,77,82,7.56,MV,1713665603
347,timana,1.9714,-75.9312,66.45,98,100,2.75,CO,1713665603
348,san cristobal,7.7669,-72.225,69.66,97,100,2.53,VE,1713665456
349,zhangjiakou shi xuanhua qu,40.6103,115.0447,63.25,34,0,8.1,CN,1713665604
350,solwezi,-12.1688,26.3894,59.38,92,100,2.98,ZM,1713665605
351,escanaba,45.7453,-87.0646,37.71,69,0,3.44,US,1713665602
352,egilsstadir,65.2653,-14.3948,45.77,89,100,15.41,IS,1713665339
353,howrah,22.5892,88.3103,89.6,74,20,5.75,IN,1713665241
354,kholmsk,47.0511,142.0569,38.91,98,100,5.86,RU,1713665607
355,santa ana de yacuma,-13.75,-65.4333,79.45,81,100,5.5,BO,1713665151
356,hameln,52.104,9.3562,40.78,98,100,6.53,DE,1713665607
357,santa elena de uairen,4.6167,-61.1333,68.7,91,63,1.7,VE,1713665608
358,saint-francois,46.4154,3.9054,35.42,100,0,3.44,FR,1713665348
359,eyl,7.9803,49.8164,82.78,74,96,2.04,SO,1713665608
360,bandar lampung,-5.4254,105.258,84.22,74,35,1.66,ID,1713665048
361,north bay,46.3168,-79.4663,35.73,75,94,12.03,CA,1713665609
362,diego de almagro,-26.3667,-70.05,62.64,55,0,2.64,CL,1713665610
363,changji,44.0167,87.3167,59.79,41,0,6.71,CN,1713665610
364,kone,-21.0595,164.8658,84.54,70,92,5.91,NC,1713665243
365,kodiak,57.79,-152.4072,38.71,93,100,4.61,US,1713665057
366,nagqu,31.5,92.0,37.38,21,52,13.58,CN,1713665611
367,komatipoort,-25.4332,31.9548,65.05,71,0,4.12,ZA,1713665612
368,flying fish cove,-10.4217,105.6791,78.48,100,100,6.91,CX,1713665612
369,gaigeturi,33.4644,126.3183,59.97,89,100,6.04,KR,1713665612
370,usinsk,65.9939,57.5281,34.07,98,100,18.99,RU,1713665613
371,artern,51.3667,11.3,38.79,90,100,1.01,DE,1713665613
372,yanchep,-31.55,115.6833,83.01,27,3,8.03,AU,1713665613
373,turbat,26.0023,63.044,75.97,55,4,4.16,PK,1713665614
374,bago,17.3367,96.4797,87.3,60,35,6.58,MM,1713665614
375,shijiang,27.0819,110.7933,61.84,94,100,2.68,CN,1713665614
376,papao,-17.75,-149.55,86.67,76,59,13.13,PF,1713665615
377,new washington,11.6508,122.4322,85.12,79,90,11.77,PH,1713665615
378,swakopmund,-22.6833,14.5333,62.08,83,31,6.55,NA,1713665616
379,codrington,-38.2667,141.9667,60.55,57,37,5.73,AU,1713665087
380,neftcala,39.3742,49.2472,58.41,82,4,3.58,AZ,1713665616
381,tangalle,6.024,80.7911,78.96,83,100,4.38,LK,1713665617
382,san juan de la maguana,18.8059,-71.2299,74.68,79,69,2.71,DO,1713665617
383,bathsheba,13.2167,-59.5167,83.01,83,40,17.27,BB,1713665617
384,russas,-4.9403,-37.9758,73.44,95,97,1.05,BR,1713665502
385,bangolo,7.0069,-7.475,74.98,96,100,2.53,CI,1713665618
386,araci,-11.3333,-38.9667,72.79,91,100,6.26,BR,1713665383
387,dalbandin,28.8947,64.4101,69.3,37,3,1.77,PK,1713665619
388,la tuque,47.4334,-72.7824,34.59,76,50,4.18,CA,1713665619
389,arraial do cabo,-22.9661,-42.0278,74.39,64,100,7.4,BR,1713665224
390,berdigestyakh,62.0989,126.6992,33.44,100,100,10.04,RU,1713665122
391,nemuro,43.3236,145.575,37.26,93,100,11.86,JP,1713665053
392,pomoca,19.8815,-100.2998,71.58,41,100,4.03,MX,1713665620
393,jiagedaqi,50.4167,124.1167,52.65,46,99,6.06,CN,1713665621
394,cockburn town,21.4612,-71.1419,77.25,76,2,20.58,TC,1713665621
395,tazacorte,28.629,-17.9293,67.17,80,0,11.5,ES,1713665231
396,dalhart,36.0595,-102.5133,51.82,40,75,9.22,US,1713665622
397,porto novo,6.4965,2.6036,82.42,85,12,7.45,BJ,1713665209
398,jiayuguan,39.8167,98.3,59.22,22,1,10.49,CN,1713665623
399,loushanguan,28.1375,106.82,57.47,90,100,1.77,CN,1713665623
400,bubaque,11.2833,-15.8333,76.66,75,17,13.87,GW,1713665623
401,fisterra,42.9049,-9.2629,56.75,75,0,8.86,ES,1713665624
402,cambria,35.5641,-121.0808,76.62,84,2,1.99,US,1713665625
403,peace river,56.2501,-117.286,54.45,26,0,12.01,CA,1713665625
404,fort stockton,30.894,-102.8793,52.16,83,100,12.37,US,1713665625
405,seybaplaya,19.65,-90.6667,85.46,84,2,12.1,MX,1713665626
406,hami,42.8,93.45,64.85,23,6,21.14,CN,1713665626
407,douentza,14.9951,-2.9517,84.18,9,5,5.46,ML,1713665627
408,kargil,34.5667,76.1,26.55,68,55,4.63,IN,1713665628
409,guerrero negro,27.9769,-114.0611,61.05,76,78,18.32,MX,1713665628
410,al ain city,24.1917,55.7606,73.02,53,0,8.05,AE,1713665628
411,carnarvon,-24.8667,113.6333,81.7,26,0,10.09,AU,1713665204
412,mtwara,-10.2667,40.1833,74.52,92,100,11.27,TZ,1713665310
413,mount pearl,47.5166,-52.7813,31.06,89,75,5.75,CA,1713665629
414,puerto armuelles,8.2833,-82.8667,82.09,67,81,1.01,PA,1713665283
415,richmond,37.5538,-77.4603,61.16,82,20,3.44,US,1713664914
416,kitee,62.1,30.15,17.2,97,76,1.81,FI,1713665630
417,urucui,-7.2294,-44.5561,76.42,81,100,2.86,BR,1713665631
418,chernyshevsk,52.5243,117.0174,45.64,40,100,7.31,RU,1713665631
419,wenchang,30.904,118.4887,64.65,76,100,6.33,CN,1713665631
420,juanjui,-7.1779,-76.7314,73.6,96,1,1.54,PE,1713665370
421,chapaev,50.2,51.1667,60.8,60,47,9.48,KZ,1713665632
422,champerico,14.3,-91.9167,83.52,74,100,3.56,GT,1713665632
423,abepura,-2.6333,140.5833,90.41,66,40,5.75,ID,1713665633
424,luqiao,28.5808,121.3772,64.18,94,99,4.7,CN,1713665633
425,kinik,39.0872,27.3833,48.22,89,0,2.73,TR,1713665634
426,dryden,49.7833,-92.7503,36.61,64,100,8.1,CA,1713665634
427,mumbwa,-14.9783,27.0619,61.88,69,0,3.89,ZM,1713665635
428,kalabo,-14.97,22.6814,63.68,57,1,5.97,ZM,1713665231
429,harstad,68.799,16.5293,32.61,61,36,1.99,NO,1713665635
430,shar'ya,58.3686,45.5144,38.98,86,39,3.0,RU,1713665636
431,sassandra,4.95,-6.0833,80.74,88,100,5.82,CI,1713665636
432,kayar,14.9192,-17.1211,70.75,83,95,14.18,SN,1713665636
433,mersa matruh,31.3525,27.2453,61.11,75,42,6.17,EG,1713665637
434,rio grande,-32.035,-52.0986,66.94,84,75,8.57,BR,1713664848
435,vadso,70.0744,29.7487,25.68,74,100,12.66,NO,1713665177
436,russellville,35.2784,-93.1338,55.98,72,100,3.2,US,1713665376
437,badr hunayn,23.7829,38.7905,73.99,53,0,1.72,SA,1713665638
438,zhanibek,49.4167,46.85,62.04,51,5,10.89,KZ,1713665638
439,agat village,13.3886,144.6585,92.34,66,0,18.41,GU,1713665639
440,mayya,61.7333,130.2811,38.52,75,100,11.23,RU,1713665639
441,queenstown,-31.8976,26.8753,59.67,72,5,2.42,ZA,1713665211
442,gamay,12.3854,125.2979,88.21,60,77,8.59,PH,1713665640
443,merizo village,13.2658,144.6691,91.96,78,12,16.8,GU,1713665640
444,luba,3.4568,8.5547,78.69,82,99,6.82,GQ,1713665640
445,picos,-7.0769,-41.4669,74.62,73,98,1.99,BR,1713665578
446,guiuan,11.0333,125.7247,83.7,78,81,14.99,PH,1713665641
447,katsuura,35.1333,140.3,64.76,80,100,10.56,JP,1713665379
448,karis,60.0718,23.6616,28.63,80,73,8.12,FI,1713665642
449,moree,-29.4667,149.85,75.06,38,12,12.82,AU,1713665642
450,al muwayh,22.4333,41.7583,71.71,28,0,9.73,SA,1713665643
451,wakkanai,45.4094,141.6739,39.43,92,100,13.33,JP,1713665643
452,sola,-13.8833,167.55,83.61,77,89,7.54,VU,1713665644
453,mugia,43.1041,-9.2179,56.91,76,0,12.95,ES,1713665644
454,reszel,54.0504,21.1458,29.3,94,63,10.83,PL,1713665645
455,polyarnyy,69.1989,33.4478,19.94,70,98,13.69,RU,1713665261
456,prado,-17.3411,-39.2208,75.18,90,92,11.72,BR,1713665645
457,mankapur,27.0333,82.2333,86.86,19,57,10.49,IN,1713665646
458,ornskoldsvik,63.2909,18.7153,23.95,63,100,5.75,SE,1713665646
459,north bend,43.4065,-124.2243,55.26,71,75,9.22,US,1713665620
460,viqueque,-8.8673,126.3658,85.1,61,100,6.96,TL,1713665647
461,severo-yeniseyskiy,60.3725,93.0408,17.58,78,64,7.0,RU,1713665647
462,usogorsk,63.4106,48.6872,32.67,91,46,9.73,RU,1713665647
463,oleksandriys'ke,48.6077,32.9835,53.73,85,100,15.88,UA,1713665648
464,amungan,15.3652,119.9582,89.26,48,54,8.28,PH,1713665648
465,el fasher,13.6279,25.3494,82.44,12,86,8.72,SD,1713665648
466,mpulungu,-8.7623,31.1141,71.35,85,100,5.77,ZM,1713665649
467,nuku'alofa,-21.1333,-175.2,77.97,68,100,13.71,TO,1713665649
468,mineiros,-17.5694,-52.5511,71.71,82,79,4.07,BR,1713665527
469,ola,59.5833,151.2833,33.13,70,38,1.01,RU,1713665650
470,sho'rchi,38.0141,67.7899,62.01,75,83,5.61,UZ,1713665650
471,san luis de la loma,17.2706,-100.8939,76.57,72,2,7.2,MX,1713665651
472,pattan,34.1667,74.5667,51.44,77,100,0.51,IN,1713665651
473,borba,-4.3878,-59.5939,75.87,98,100,1.77,BR,1713665652
474,nampula,-15.1165,39.2666,67.95,94,20,5.75,MZ,1713665652
475,aasiaat,68.7098,-52.8699,14.81,90,100,15.57,GL,1713665652
476,palikir - national government center,6.9248,158.1611,79.65,94,100,6.91,FM,1713665653
477,antofagasta,-23.65,-70.4,64.17,82,47,2.28,CL,1713665653
478,acarau,-2.8856,-40.12,75.76,93,100,3.94,BR,1713665653
479,timbuktu,16.7735,-3.0074,85.24,8,2,9.71,ML,1713665654
480,zhenlai,45.8495,123.2973,64.54,35,25,20.02,CN,1713665654
481,pangody,65.85,74.4859,11.08,94,100,10.29,RU,1713665654
482,wuwei,37.9281,102.6414,65.98,14,0,7.4,CN,1713665609
483,tongchuanshi,35.0806,109.0897,65.91,50,94,5.55,CN,1713665655
484,challapata,-18.9,-66.7667,53.96,54,13,6.17,BO,1713665656
485,mbandaka,0.0487,18.2603,73.35,88,48,2.3,CD,1713665656
486,aurora,39.7294,-104.8319,34.65,94,100,6.91,US,1713665490
487,kamina,-8.7386,24.9906,64.38,95,79,3.33,CD,1713665657
488,saint-leu,-21.15,55.2833,76.06,74,100,2.57,RE,1713665660
489,tougan,13.0667,-3.0667,91.04,9,77,4.29,BF,1713665660
490,mar del plata,-38.0023,-57.5575,63.09,73,100,21.0,AR,1713665616
491,midelt,32.6852,-4.7451,46.96,88,100,10.94,MA,1713665661
492,sitangkai,4.6628,119.3928,83.3,77,31,6.38,PH,1713665661
493,sao miguel do araguaia,-13.275,-50.1628,76.44,80,98,2.68,BR,1713665661
494,laguna,38.421,-121.4238,77.92,47,0,9.22,US,1713665662
495,villa regina,-39.1,-67.0667,58.93,38,81,7.18,AR,1713665662
496,bandarbeyla,9.4942,50.8122,82.9,78,100,6.76,SO,1713665662
497,saynshand,44.8824,110.1163,51.73,35,94,24.09,MN,1713665663
498,kargasok,59.0556,80.8572,28.96,49,100,7.0,RU,1713665663
499,egersund,58.4513,5.9997,36.09,58,2,7.4,NO,1713665664
500,christchurch,-43.5333,172.6333,66.42,68,40,14.97,NZ,1713665453
501,mejit,10.2753,170.8646,82.06,77,100,17.54,MH,1713665664
502,djambala,-2.5447,14.7533,72.14,83,100,2.51,CG,1713665665
503,raja,8.4596,25.678,79.5,65,100,8.21,SS,1713665665
504,miles city,46.4083,-105.8406,47.37,23,0,0.0,US,1713665665
505,dondo,-19.6094,34.7431,71.11,97,10,4.34,MZ,1713665666
506,barcelos,41.5388,-8.6151,63.84,58,0,6.44,PT,1713665666
507,williams,52.1415,-122.1445,60.06,22,97,5.01,CA,1713665666
508,kidal,18.4411,1.4078,89.64,6,100,6.85,ML,1713665667
509,victorica,-36.2151,-65.4359,56.75,56,36,8.59,AR,1713665667
510,tari,12.4086,4.4914,89.06,36,1,9.17,NG,1713665667
511,labytnangi,66.6572,66.4183,6.39,96,100,8.28,RU,1713665668
512,khanty-mansiysk,61.0042,69.0019,32.11,93,20,0.0,RU,1713665385
513,srivardhan,18.0333,73.0167,81.88,68,53,8.25,IN,1713665669
514,kralendijk,12.15,-68.2667,82.38,83,20,14.97,BQ,1713665584
515,punata,-17.55,-65.8333,60.58,76,0,7.58,BO,1713665670
516,kovdor,67.5662,30.4758,12.13,88,86,8.61,RU,1713665670
517,tyukalinsk,55.8732,72.1967,58.26,76,92,5.39,RU,1713665670
518,villa del totoral,-30.8167,-63.7167,67.41,62,95,3.38,AR,1713665671
519,mpika,-11.8343,31.4529,61.43,99,77,7.36,ZM,1713665671
520,talaja,21.35,72.05,81.97,44,100,7.83,IN,1713665671
521,flin flon,54.7682,-101.865,34.61,98,100,3.06,CA,1713665672
522,fortaleza,-3.7227,-38.5247,78.93,89,0,6.91,BR,1713665672
523,roma,43.2128,-75.4557,40.82,64,0,9.22,US,1713665672
524,fort st. john,56.2499,-120.8529,49.41,37,0,4.65,CA,1713665673
525,tingo maria,-9.2895,-76.0088,69.94,98,85,2.57,PE,1713665673
526,kapa'a,22.0752,-159.319,82.38,75,0,14.97,US,1713665439
527,kretinga,55.8758,21.2508,33.55,75,100,8.05,LT,1713665674
528,chazuta,-6.5742,-76.1367,76.05,97,55,0.36,PE,1713665674
529,la sierpe,2.8518,-77.6155,77.41,91,95,1.7,CO,1713665674
530,safonovo,55.15,33.2167,39.85,81,100,6.22,RU,1713665675
531,nyborg,55.3127,10.7896,40.93,85,16,8.37,DK,1713665675
532,silver city,32.7701,-108.2803,69.76,15,0,8.01,US,1713665628
533,tring,51.7947,-0.6582,43.74,80,100,8.21,GB,1713665676
534,kuanda,56.3161,116.0806,37.22,77,100,5.88,RU,1713665676
535,margate,51.3813,1.3862,42.69,73,31,10.0,GB,1713665330
536,qarazhal,48.0078,70.7903,53.78,51,0,15.48,KZ,1713665677
537,menominee,45.1078,-87.6143,39.65,56,75,0.0,US,1713665677
538,baissa,7.2333,10.6333,78.08,80,100,2.06,NG,1713665678
539,zliten,32.4674,14.5687,61.07,70,77,12.75,LY,1713665387
540,miandrivazo,-19.5167,45.4667,72.64,88,0,0.81,MG,1713665679
541,ziguinchor,12.5833,-16.2719,72.37,73,82,6.31,SN,1713665679
542,kattivakkam,13.2167,80.3167,86.11,78,71,10.71,IN,1713665679
543,tevriz,57.509,72.4042,53.98,94,100,5.91,RU,1713665680
544,scottsbluff,41.8666,-103.6672,36.72,73,0,5.75,US,1713665577
545,sao joao da barra,-21.6403,-41.0511,73.06,71,40,7.05,BR,1713665681
546,marondera,-18.1853,31.5519,50.7,76,0,3.4,ZW,1713665682
547,xining,36.6167,101.7667,47.21,53,93,2.04,CN,1713665682
548,saint-joseph,-21.3667,55.6167,75.58,76,100,1.36,RE,1713665684
549,dogondoutchi,13.6393,4.0287,88.88,21,0,10.04,NE,1713665684
